{
  "recordedAt": "2026-06-18T22:08:13.289Z",
  "ref": "baseline",
  "results": {
    "http-baseline": {
      "name": "http-baseline",
      "iterations": 500,
      "concurrency": 4,
      "stats": {
        "count": 500,
        "throughput": 717789.552716614,
        "elapsedMs": 0.696583000000004,
        "min": 0.0015830000000036648,
        "mean": 0.00473739600000026,
        "p50": 0.0027910000000019863,
        "p99": 0.06916600000000273,
        "max": 0.07045799999999502
      }
    },
    "http-lesto": {
      "name": "http-lesto",
      "iterations": 500,
      "concurrency": 4,
      "stats": {
        "count": 500,
        "throughput": 1401541.6958654593,
        "elapsedMs": 0.3567499999999981,
        "min": 0.0014170000000035543,
        "mean": 0.0027619740000000663,
        "p50": 0.002375000000000682,
        "p99": 0.00783299999999798,
        "max": 0.010209000000003243
      }
    },
    "queue-claim": {
      "name": "queue-claim",
      "iterations": 500,
      "concurrency": 4,
      "stats": {
        "count": 500,
        "throughput": 21530.688098830335,
        "elapsedMs": 23.222667,
        "min": 0.028000000000005798,
        "mean": 0.1846871799999997,
        "p50": 0.1801669999999973,
        "p99": 0.29895800000000605,
        "max": 0.3560420000000022
      }
    },
    "ssr-render": {
      "name": "ssr-render",
      "iterations": 500,
      "concurrency": 1,
      "stats": {
        "count": 500,
        "throughput": 38310.26302064318,
        "elapsedMs": 13.051333,
        "min": 0.01520800000000122,
        "mean": 0.026041173999999813,
        "p50": 0.021625000000000227,
        "p99": 0.08362499999999784,
        "max": 1.0153329999999983
      }
    }
  }
}
